CONTRACT_D	PREVIOUS_S	OPEN_PRICE	HIGH_PRICE	LOW_PRICE	CLOSE_PRIC	SETTLEMENT	NET_CHANGE	OI_NO_CON	TRADED_QUA	TRD_NO_CON	TRADED_VAL
FUTSTKTITAN29-MAR-2023	2658.4	2658.5	2658.5	2635.75	2640	2638.65	-0.74	4	1125	3	2975343.75
FUTSTKCOALINDIA29-MAR-2023	225.8	224	224	217.8	218.6	218.6	-3.18	24	96600	23	21204120
FUTSTKTATACHEM29-MAR-2023	956.85	942	942	942	942	946.5	-1.08	1	500	1	471000
FUTSTKRAIN23-FEB-2023	181.25	181.6	181.6	176.7	177.8	177.8	-1.9	67	150500	43	26805800
FUTSTKLTTS25-JAN-2023	3714.35	3703.9	3716.5	3649	3681.45	3681.45	-0.88	4970	365200	1826	1344499050
FUTSTKMANAPPURAM29-MAR-2023	124.1	121.5	121.5	121.5	121.5	123.55	-0.44	2	6000	1	729000
FUTSTKMANAPPURAM25-JAN-2023	122.85	122.75	125.25	120.15	122.15	122.15	-0.56	7749	19956000	3326	2449357200
FUTSTKMFSL23-FEB-2023	716.35	716.35	729.05	716.35	718.75	718.75	0.33	48	55250	85	39816822.5
FUTSTKFSL29-MAR-2023	105.6	103.75	103.95	103.6	103.6	103.6	-1.89	5	26000	5	2697760
FUTSTKBALRAMCHIN29-MAR-2023	408.8	391.95	391.95	391.95	391.95	392.9	-3.88	3	1600	1	627120
FUTSTKHDFCLIFE23-FEB-2023	602.75	602.55	615.25	602	603.85	603.85	0.18	173	371800	338	226254655
FUTSTKLICHSGFIN23-FEB-2023	425.25	425.9	426	414.35	423.35	423.35	-0.44	136	174000	87	73004700
FUTSTKSIEMENS29-MAR-2023	2883.1	0	0	0		2860.05	-0.79	0	0	0	0
FUTSTKUBL29-MAR-2023	1696.65	0	0	0		1706.2	0.56	1	0	0	0
FUTSTKL&TFH23-FEB-2023	91.5	91.55	92.05	88.5	89.5	89.5	-2.18	184	1240436	139	111520550.8
FUTSTKBEL23-FEB-2023	101.1	101.4	101.5	99.05	99.45	99.45	-1.63	715	1134300	199	113430285
FUTSTKMOTHERSON29-MAR-2023	77.5	77	77	75.8	75.95	75.95	-1.99	10	54000	8	4108050
FUTSTKGLENMARK23-FEB-2023	438.7	440.25	441.4	432	432.4	432.4	-1.43	114	105850	73	46165970
FUTSTKPIIND23-FEB-2023	3445.85	3447.3	3447.3	3380	3380	3380	-1.91	22	3750	15	12784075
FUTSTKTVSMOTOR29-MAR-2023	1040.5	1040.05	1040.05	1018.45	1021	1021	-1.87	31	9800	14	10080980
FUTSTKCOLPAL23-FEB-2023	1531.45	1533	1538.45	1530.1	1530.1	1530.1	-0.08	78	4900	14	7519260
FUTSTKMCDOWELL-N29-MAR-2023	879	867.55	867.55	867	867	864.9	-1.6	3	1250	2	1084093.75
FUTSTKMARUTI25-JAN-2023	8412.35	8401	8556.85	8337.05	8447.65	8447.65	0.41	27366	1083100	10831	9157552425
FUTSTKASHOKLEY29-MAR-2023	149.8	148.05	149.35	147.5	148.35	148.35	-0.96	11	50000	10	7422500
FUTSTKGAIL25-JAN-2023	97.2	97.9	98.25	95.35	95.75	95.75	-1.49	5494	13139400	1436	1263644738
FUTSTKPAGEIND23-FEB-2023	42692.75	42357.7	42786	42250	42601.55	42601.55	-0.21	112	765	51	32539211.25
FUTSTKSUNTV25-JAN-2023	490.15	487.75	488.8	478.15	480	480	-2.07	6340	1872000	1248	902804475
FUTSTKHINDCOPPER23-FEB-2023	117.3	116.3	116.3	114.35	115.35	115.35	-1.66	141	316800	66	36483840
FUTSTKDALBHARAT23-FEB-2023	1890.15	1890.55	1890.55	1853.35	1860.65	1860.65	-1.56	17	8500	17	15888175
FUTSTKAPOLLOTYRE25-JAN-2023	327.6	327.95	329.5	316.95	321.85	321.85	-1.75	3558	8760500	2503	2816279550
FUTSTKTCS25-JAN-2023	3320.45	3317.2	3328.65	3293	3314.5	3314.5	-0.17	55418	1762425	10071	5831940328
FUTSTKCOROMANDEL25-JAN-2023	903.25	904.95	910.95	891.75	897.5	897.5	-0.63	4497	605500	865	545411370
FUTSTKHEROMOTOCO25-JAN-2023	2728.95	2711.15	2734.8	2704.3	2714.05	2714.05	-0.54	7821	384600	1282	1045224360
FUTSTKDIVISLAB25-JAN-2023	3413.4	3420.25	3454.7	3408	3442.45	3442.45	0.85	17220	404250	2695	1388860178
FUTSTKINDHOTEL29-MAR-2023	325.35	320.5	320.5	317.9	317.9	319.6	-1.76	7	12000	6	3831800
FUTSTKPNB23-FEB-2023	58.5	58.85	58.85	56.3	56.9	56.9	-2.73	761	9776000	611	559404000
FUTSTKBERGEPAINT25-JAN-2023	581.2	582.55	583.35	573.55	575	575	-1.06	5294	836000	760	483149425
FUTSTKSHREECEM25-JAN-2023	23577.85	23549.95	24489.95	23549.95	23852.9	23852.9	1.16	10372	104625	4185	2513017769
FUTSTKHDFCLIFE29-MAR-2023	607.05	617	617	606.95	607.35	607.35	0.04	13	13200	12	8050845
FUTSTKPERSISTENT29-MAR-2023	4114.05	3974.1	3974.1	3892.5	3908.35	3908.35	-4.99	9	1575	9	6163193.75
FUTSTKRAMCOCEM23-FEB-2023	712.55	714.4	717	704	704.2	704.2	-1.17	88	41650	49	29465717.5
FUTSTKIDFCFIRSTB23-FEB-2023	62.2	61.85	62.4	60.15	60.85	60.85	-2.17	499	3690000	246	225146250
FUTSTKINDUSINDBK25-JAN-2023	1248.85	1260	1277.6	1208.95	1226.85	1226.85	-1.76	53806	12530700	27846	15501645630
FUTSTKSBILIFE23-FEB-2023	1284.35	1284.15	1293.05	1267.3	1269.1	1269.1	-1.18	43	38250	51	48943537.5
FUTIDXNIFTY29-MAR-2023	18463.65	18438.9	18447.75	18241	18252.2	18252.2	-1.14	2455	137200	2744	2512552738
FUTSTKSAIL23-FEB-2023	88.95	88.55	88.65	85.25	85.9	85.9	-3.42	741	3184000	398	275635200
FUTSTKINDHOTEL25-JAN-2023	321.35	320.1	322.1	314.2	315.45	315.45	-1.83	12589	4472000	2236	1415969600
FUTSTKTATACONSUM23-FEB-2023	774.95	772.15	773.25	767.5	769.5	769.5	-0.7	98	19800	22	15230880
FUTIDXFINNIFTY31-JAN-2023	19293.6	19294.05	19333.8	19070	19103.45	19103.45	-0.98	250	25560	639	490421838
FUTSTKMUTHOOTFIN29-MAR-2023	1077	1071	1077.5	1055	1077.5	1107.35	2.81	26	2200	4	2350975
FUTSTKFEDERALBNK29-MAR-2023	139.7	138.55	138.7	137	138	138.6	-0.78	26	80000	16	11020000
FUTIDXMIDCPNIFTY28-FEB-2023	7288.4	0	0	0		7194.15	-1.29	0	0	0	0
FUTSTKLAURUSLABS25-JAN-2023	380.25	380.1	381.65	373.7	376.05	376.05	-1.1	8821	873400	794	328634680
FUTSTKJSWSTEEL23-FEB-2023	772.1	767.05	767.05	740.95	741.55	741.55	-3.95	238	336150	249	251814082.5
FUTSTKINDUSINDBK23-FEB-2023	1253.4	1266	1281.4	1216	1232.8	1232.8	-1.64	607	289350	643	359176410
FUTSTKIDFCFIRSTB25-JAN-2023	61.8	61.55	62	59.65	60.5	60.5	-2.1	10550	62220000	4148	3769050000
FUTSTKDRREDDY25-JAN-2023	4264	4285.75	4285.75	4243.45	4264.85	4264.85	0.01	18569	216000	1728	920171331.3
FUTSTKHDFCAMC25-JAN-2023	2189.55	2190	2194.9	2160.1	2172.85	2172.85	-0.76	5521	271500	905	591350760
FUTSTKTATAMOTORS29-MAR-2023	400	396.5	397.5	390.5	391.1	391.1	-2.22	244	272175	191	106811231.3
FUTSTKHAL29-MAR-2023	2579.85	2530	2539	2508	2508	2521.3	-2.26	8	900	3	2273100
FUTSTKPIDILITIND29-MAR-2023	2577.75	0	0	0		2550.8	-1.04	2	0	0	0
FUTSTKOFSS25-JAN-2023	3021.25	3014.75	3036.2	2994.15	3024.05	3024.05	0.09	2434	85800	429	258855130
FUTSTKSHRIRAMFIN23-FEB-2023	1340.3	1344.45	1345.9	1310.9	1315.85	1315.85	-1.82	385	117600	196	155779830
FUTSTKINDIGO25-JAN-2023	2049.8	2063.5	2068.15	2003.25	2013.25	2013.25	-1.78	10403	795900	2653	1611146250
FUTSTKMGL29-MAR-2023	870.4	0	0	0		864.95	-0.62	0	0	0	0
FUTSTKMARICO29-MAR-2023	518.85	512.8	512.8	509.85	509.85	509.85	-1.73	5	3600	3	1839000
FUTSTKCUMMINSIND25-JAN-2023	1396	1400.3	1420.95	1379.6	1386.6	1386.6	-0.67	2824	1096800	1828	1532804490
FUTSTKBANDHANBNK29-MAR-2023	244.05	242.15	244.15	240.7	244.15	243.9	-0.06	20	14400	8	3488760
FUTSTKGNFC29-MAR-2023	580.1	589.7	591.05	589.7	591.05	591.05	1.88	14	2600	2	1534975
FUTSTKDIXON23-FEB-2023	3924.25	3897.85	3924.1	3850.05	3852.75	3852.75	-1.82	146	8625	69	33483043.75
FUTSTKLTIM29-MAR-2023	4413.5	4344.35	4369.1	4302.35	4332.7	4332.7	-1.83	15	1350	9	5853502.5
FUTSTKAUROPHARMA23-FEB-2023	446	444.6	448.35	441.2	444.3	444.3	-0.38	610	145000	145	64510550
FUTSTKBHARATFORG23-FEB-2023	888.05	883.1	883.1	867	869.05	869.05	-2.13	79	58000	58	50687300
FUTSTKINDIACEM25-JAN-2023	223.8	223.8	225.85	219.4	220.6	220.6	-1.42	5229	4645800	1602	1033000590
FUTSTKAXISBANK23-FEB-2023	972.55	974.1	979.25	965	967.35	967.35	-0.53	586	651600	543	633771600
FUTSTKGODREJPROP29-MAR-2023	1263.1	1240.4	1240.4	1240.4	1240.4	1232.25	-2.44	2	425	1	527170
FUTSTKACC25-JAN-2023	2458.95	2463.1	2493	2416.2	2423.8	2423.8	-1.42	10720	1027500	4110	2528664475
FUTSTKLT23-FEB-2023	2114.85	2114.3	2117.65	2082.1	2091.95	2091.95	-1.08	369	62700	209	131323155
FUTSTKCONCOR25-JAN-2023	747.15	749.85	749.95	730.1	732.6	732.6	-1.94	6208	1020000	1020	750566300
FUTSTKMRF25-JAN-2023	89247.05	89300	89300	87384.5	87872.2	87872.2	-1.54	4901	10990	1099	967900427
FUTSTKVOLTAS23-FEB-2023	817.15	818.35	818.9	806.05	812.55	812.55	-0.56	369	45000	75	36572940
FUTSTKESCORTS23-FEB-2023	2178.2	2168.1	2168.1	2146.15	2150	2150	-1.29	65	5775	21	12470315
FUTSTKBALKRISIND25-JAN-2023	2133.65	2120.1	2136.9	2111.15	2125.75	2125.75	-0.37	6576	175200	584	372053520
FUTSTKFEDERALBNK23-FEB-2023	139.3	139.45	139.8	136.15	137.35	137.35	-1.39	288	1485000	297	204695750
FUTSTKAARTIIND25-JAN-2023	619.8	620.65	620.65	603.15	605.75	605.75	-2.26	3574	642600	756	391540430
FUTSTKVOLTAS29-MAR-2023	821.3	815	816.25	814.55	814.55	818.6	-0.32	5	1800	3	1467480
FUTSTKHEROMOTOCO29-MAR-2023	2764.05	0	0	0		2752.25	-0.42	1	0	0	0
FUTSTKPFC25-JAN-2023	157	157.65	157.7	152.5	155.45	155.45	-0.98	10030	30745800	4959	4772966150
FUTSTKHINDCOPPER29-MAR-2023	118.25	114.9	115.7	114.9	115.5	116.45	-1.52	6	14400	3	1661280
FUTSTKLALPATHLAB29-MAR-2023	2150	2150	2150	2120	2125	2125	-1.16	30	1500	6	3198750
FUTSTKTITAN23-FEB-2023	2639.8	2648.85	2648.85	2611.5	2624.55	2624.55	-0.57	254	73125	195	192137381.3
FUTSTKTRENT29-MAR-2023	1369.05	1340.75	1340.75	1340.75	1340.75	1328.15	-2.98	23	400	1	536300
FUTSTKBSOFT25-JAN-2023	301.4	300.05	301.05	293.75	296.15	296.15	-1.74	4201	1682000	841	498718500
FUTSTKFEDERALBNK25-JAN-2023	138.65	139.15	139.2	135.4	136.75	136.75	-1.37	14650	30190000	6038	4138088250
FUTSTKIDEA29-MAR-2023	8.15	8.1	8.1	7.9	8	8	-1.84	27	980000	14	7829500
FUTSTKTORNTPOWER23-FEB-2023	504.25	497.8	497.8	482.2	482.2	482.2	-4.37	34	22500	15	10987950
FUTSTKMPHASIS25-JAN-2023	2017.25	2026	2026	1980.05	2010.95	2010.95	-0.31	6346	552200	2008	1108103370
FUTSTKLAURUSLABS29-MAR-2023	383.9	382.1	382.1	379.75	380.8	380.1	-0.98	19	5500	5	2097205
FUTSTKPIIND29-MAR-2023	3467.9	0	0	0		3393.9	-2.13	0	0	0	0
FUTSTKRELIANCE29-MAR-2023	2604.55	2600	2600	2559.95	2563.85	2563.85	-1.56	158	34500	138	88754825
FUTSTKBANDHANBNK25-JAN-2023	241.55	241.85	243.35	236.95	241.55	241.55	0	26853	16687800	9271	4013071200
FUTSTKDALBHARAT29-MAR-2023	1902.25	0	0	0		1877.4	-1.3	0	0	0	0
FUTSTKPNB29-MAR-2023	58.9	58.75	58.75	56.75	57.25	57.25	-2.8	59	560000	35	32192800
FUTSTKBEL29-MAR-2023	102	101	101	99.45	99.5	99.5	-2.45	13	57000	10	5701425
FUTSTKAARTIIND23-FEB-2023	620.2	619.5	619.5	604.1	605.1	605.1	-2.43	213	69700	82	42447597.5
FUTSTKAARTIIND29-MAR-2023	621.35	616	616	606.8	608.45	608.45	-2.07	12	11050	13	6740032.5
FUTSTKTATACHEM25-JAN-2023	946.65	945	947.85	928.25	934.15	934.15	-1.32	14285	1302000	2604	1217567675
FUTSTKTATAPOWER29-MAR-2023	214.9	214	214	209.65	211.9	211.9	-1.39	74	249750	74	52794956.25
FUTSTKLICHSGFIN29-MAR-2023	426.05	418.7	418.7	418.7	418.7	428	0.45	7	2000	1	837400
FUTSTKBAJAJ-AUTO29-MAR-2023	3659.75	0	0	0		3609.15	-1.38	0	0	0	0
FUTSTKSUNPHARMA29-MAR-2023	1016.2	0	0	0		1020.05	0.37	16	0	0	0
FUTSTKSHREECEM23-FEB-2023	23401.1	23599.95	24263.9	23498.25	23656.25	23656.25	1.09	120	2600	104	61934481.25
FUTSTKGODREJPROP25-JAN-2023	1247.45	1247.75	1249.45	1210.95	1216.1	1216.1	-2.51	9589	678300	1596	828860500
FUTSTKATUL25-JAN-2023	8204.25	8215.75	8245.1	7922.1	7963.6	7963.6	-2.93	1470	54975	733	440927535
FUTSTKBIOCON29-MAR-2023	267.65	266.4	266.4	264.4	264.45	264.45	-1.19	18	20700	9	5496425
FUTSTKNATIONALUM25-JAN-2023	83.55	82.95	83.2	80.1	81.15	81.15	-2.87	8914	23182500	3091	1882617375
FUTSTKMCX25-JAN-2023	1481.45	1485.95	1487.35	1462.55	1483.95	1483.95	0.16	3413	464400	1161	686138340
FUTSTKRBLBANK25-JAN-2023	187.35	187.4	188.3	178.85	180.8	180.8	-3.49	6383	26770000	5354	4875334000
FUTSTKPVR29-MAR-2023	1742	1735.85	1735.85	1721.35	1721.35	1730.55	-0.65	2	814	2	1407080.4
FUTSTKLUPIN25-JAN-2023	742.6	742.9	744.1	733.85	738.65	738.65	-0.53	7203	878900	1034	649105092.5
FUTSTKTATACOMM23-FEB-2023	1353.25	1353	1360.45	1340.3	1347.35	1347.35	-0.43	79	23500	47	31671100
FUTSTKCANFINHOME29-MAR-2023	557.5	0	0	0		551.65	-1.04	1	0	0	0
FUTSTKBHEL25-JAN-2023	80.8	80.75	80.95	77.65	79.4	79.4	-1.73	8499	28780500	2741	2278330425
FUTSTKMCX23-FEB-2023	1489	1484.75	1490.6	1472.6	1490.6	1490.6	0.1	61	4400	11	6516180
FUTSTKSBICARD23-FEB-2023	798.3	799.5	799.5	787.45	790.85	790.85	-0.93	188	80000	100	63294040
FUTSTKKOTAKBANK23-FEB-2023	1856.15	1854.5	1856	1833.05	1839.25	1839.25	-0.91	1016	90800	227	167640680
FUTSTKTATASTEEL23-FEB-2023	119.8	120.05	120.05	116.45	116.9	116.9	-2.42	1080	4713500	857	554659600
FUTSTKCANFINHOME25-JAN-2023	552	541.6	554.1	539.75	545.45	545.45	-1.18	4084	716625	735	390619027.5
FUTSTKAPOLLOHOSP29-MAR-2023	4563.15	4565	4565	4510	4510	4510	-1.16	6	375	3	1705000
FUTIDXBANKNIFTY23-FEB-2023	43784.05	43780.45	43879.8	43220	43321.8	43321.8	-1.05	8490	161900	6476	7038523019
FUTSTKABFRL25-JAN-2023	287.3	287.55	287.75	278.7	281.05	281.05	-2.17	4807	3387800	1303	957082230
FUTSTKBHEL23-FEB-2023	81.25	81.2	81.25	78.1	79.8	79.8	-1.78	377	1449000	138	115275300
FUTSTKBRITANNIA23-FEB-2023	4286.4	4290	4307.45	4263.75	4276.75	4276.75	-0.22	119	14000	70	59928550
FUTSTKLTTS29-MAR-2023	3674.35	3620	3664.55	3608.7	3625	3775.95	2.76	13	1000	5	3630110
FUTSTKCOROMANDEL23-FEB-2023	903.9	903.1	910	896	897.9	897.9	-0.66	109	30800	44	27798820
FUTSTKASHOKLEY25-JAN-2023	148.35	148.95	148.95	145.3	146.7	146.7	-1.11	13250	16410000	3282	2408975750
FUTSTKTATAPOWER23-FEB-2023	213.5	212.75	213.05	207.8	210.15	210.15	-1.56	1176	2268000	672	475875168.8
FUTSTKGAIL29-MAR-2023	98.4	96.5	96.5	96.5	96.5	96.95	-1.47	5	9150	1	882975
FUTSTKSUNTV29-MAR-2023	494.65	483	483	482.1	482.1	486.1	-1.72	2	3000	2	1447650
FUTSTKTATAMOTORS25-JAN-2023	396.1	396.1	396.25	386.3	387.45	387.45	-2.18	53699	20370375	14295	7927182589
FUTSTKTATAPOWER25-JAN-2023	212.1	211.15	211.7	206.3	208.75	208.75	-1.57	31123	34087500	10100	7112108644
FUTSTKMCX29-MAR-2023	1501.8	0	0	0		1501.95	0	1	0	0	0
FUTSTKWHIRLPOOL23-FEB-2023	1528.25	1523.4	1523.4	1508	1521.05	1521.05	-0.47	25	2800	8	4242875
FUTSTKBATAINDIA23-FEB-2023	1662.8	1658	1658.1	1646.8	1654.7	1654.7	-0.48	170	10175	37	16828652.5
FUTSTKDLF23-FEB-2023	384.9	384.25	384.25	372.15	375.35	375.35	-2.48	292	396000	240	149039715
FUTSTKOBEROIRLTY25-JAN-2023	881.9	880.7	880.75	854.15	862.45	862.45	-2.2	8679	576100	823	498307250
FUTSTKSHREECEM29-MAR-2023	24114.15	24114.2	24114.2	24114.15	24114.2	24388	1.13	5	75	3	1808563.75
FUTSTKADANIENT29-MAR-2023	3892.55	3815	3830.7	3782.1	3800.05	3800.05	-2.37	70	6750	27	25699125
FUTSTKICICIBANK23-FEB-2023	912.85	910.85	918.7	905.45	909.15	909.15	-0.4	2714	931000	1330	847775915
FUTSTKIDFC29-MAR-2023	86.15	86.3	86.3	84.6	85.3	84.5	-1.91	8	80000	8	6833500
FUTSTKINFY23-FEB-2023	1538	1531	1533.75	1503.35	1505.8	1505.8	-2.09	1830	600400	1501	908963480
FUTSTKSHRIRAMFIN29-MAR-2023	1350	1316.85	1316.85	1309.05	1312	1312	-2.81	5	1800	3	2362740
FUTSTKDRREDDY23-FEB-2023	4289.85	4295	4295	4270	4288	4288	-0.04	139	3625	29	15545075
FUTSTKPIIND25-JAN-2023	3431.8	3439.3	3458.65	3346.35	3360.9	3360.9	-2.06	6153	332750	1331	1127485650
FUTSTKABCAPITAL23-FEB-2023	155.9	155.45	156.75	149.35	149.6	149.6	-4.04	108	707400	131	107658990
FUTSTKM&M25-JAN-2023	1256.3	1258.95	1258.95	1234.75	1242.35	1242.35	-1.11	16653	2266600	3238	2823017890
FUTSTKINDHOTEL23-FEB-2023	323.25	323.9	323.9	316.75	317.05	317.05	-1.91	224	238000	119	75863100
FUTSTKDIVISLAB23-FEB-2023	3430.05	3443.8	3470.5	3432.35	3459.55	3459.55	0.86	243	19200	128	66315082.5
FUTSTKBAJAJFINSV29-MAR-2023	1588.4	1574.65	1578	1567.15	1577	1572.4	-1	5	7500	15	11791425
FUTSTKTORNTPOWER29-MAR-2023	507.5	490	490	490	490	492.1	-3.03	1	1500	1	735000
FUTSTKABCAPITAL25-JAN-2023	154.95	154.4	155.85	148.2	148.6	148.6	-4.09	6529	11761200	2178	1774265850
FUTSTKCUB29-MAR-2023	181.85	181.1	181.65	179.35	179.35	179.35	-1.37	3	30000	6	5420250
FUTSTKCONCOR23-FEB-2023	751.2	748.65	748.65	733.95	734	734	-2.28	80	41000	41	30203700
FUTSTKIDFC23-FEB-2023	85.65	85.6	86	83.1	84.05	84.05	-1.86	168	1060000	106	89814000
FUTSTKNESTLEIND23-FEB-2023	19868.55	19917.55	19917.55	19668.15	19680.95	19680.95	-0.94	222	3880	97	76595062
FUTSTKBHARTIARTL23-FEB-2023	824.5	824.5	826	814	816.6	816.6	-0.95	1026	958550	1009	787194700
FUTSTKBANKBARODA23-FEB-2023	188.7	188.9	189.55	182.5	183.75	183.75	-2.62	376	2854800	488	528286005
FUTSTKADANIPORTS29-MAR-2023	835.2	833	834.5	820	822.95	822.95	-1.46	17	13750	22	11385843.75
FUTSTKAMBUJACEM29-MAR-2023	541.1	542	543	526.1	526.1	526.1	-2.77	82	27000	15	14439960
FUTSTKTECHM29-MAR-2023	1040.3	1040.5	1042	1030.8	1034.65	1034.65	-0.54	14	9600	16	9967950
FUTSTKTATACOMM25-JAN-2023	1344.8	1346.45	1354	1328.15	1339.5	1339.5	-0.39	4024	645000	1290	864321750
FUTSTKHCLTECH25-JAN-2023	1038.25	1035.9	1037.9	1025.35	1031.35	1031.35	-0.66	13030	1814400	2592	1870940435
FUTSTKIOC25-JAN-2023	79.05	79.2	80	77.55	78.35	78.35	-0.88	8500	25866750	2653	2035075088
FUTSTKDLF29-MAR-2023	386.2	384.5	384.5	375.55	377.95	377.95	-2.13	14	41250	25	15624510
FUTSTKHCLTECH29-MAR-2023	1050.8	1049	1049	1042	1042.3	1053.05	0.21	5	2800	4	2923095
FUTSTKJINDALSTEL25-JAN-2023	600.6	599.4	601.2	583.25	587.1	587.1	-2.24	16442	7777500	6222	4583068938
FUTSTKDEEPAKNTR25-JAN-2023	2008.75	2010.35	2010.35	1946.35	1954.1	1954.1	-2.72	5688	495500	1982	976132612.5
FUTSTKBAJFINANCE25-JAN-2023	6647.75	6637.9	6670.75	6570	6586.25	6586.25	-0.92	46873	1147500	9180	7585234913
FUTSTKSHRIRAMFIN25-JAN-2023	1342.7	1345.15	1350.1	1312	1321.8	1321.8	-1.55	7699	1472400	2454	1956347730
FUTSTKZEEL23-FEB-2023	242.65	242.05	242.1	236.75	239.2	239.2	-1.42	380	342000	114	81661350
FUTSTKINDUSTOWER23-FEB-2023	191.05	190.6	190.6	185.4	185.6	185.6	-2.85	170	434000	155	81129580
FUTSTKHCLTECH23-FEB-2023	1043.95	1040	1044	1032.25	1037.4	1037.4	-0.62	270	65800	94	68284370
FUTSTKLTIM23-FEB-2023	4391.65	4337.4	4350.45	4294.05	4313.8	4313.8	-1.77	606	43500	290	187933200
FUTSTKZEEL25-JAN-2023	240.9	240.55	240.7	234.9	237.6	237.6	-1.36	27625	8784000	2928	2085508200
FUTSTKIGL23-FEB-2023	424.4	424.3	424.95	419.05	421.3	421.3	-0.73	91	39875	29	16841687.5
FUTSTKPOLYCAB23-FEB-2023	2619	2605.65	2611.45	2585.9	2605.3	2605.3	-0.52	55	5400	18	14045415
FUTSTKVEDL23-FEB-2023	323.2	321	321.1	309	311.1	311.1	-3.74	483	916000	458	286973400
FUTSTKPIDILITIND25-JAN-2023	2552.85	2555	2555	2517.15	2524.5	2524.5	-1.11	10404	305000	1220	772064912.5
FUTSTKESCORTS25-JAN-2023	2173.3	2174.95	2179.95	2142.45	2148.8	2148.8	-1.12	2581	256850	934	554562580
FUTSTKGUJGASLTD23-FEB-2023	492.1	489.8	492.45	476.6	477.85	477.85	-2.89	142	53750	43	26037812.5
FUTSTKSBIN25-JAN-2023	615.8	616	617.6	606.25	608.2	608.2	-1.23	34987	16608000	11072	10143086325
FUTSTKCROMPTON29-MAR-2023	352.6	0	0	0		345.3	-2.07	1	0	0	0
FUTSTKSUNPHARMA25-JAN-2023	1013.7	1016	1029	1005.5	1008.25	1008.25	-0.53	21432	3147900	4497	3201426760
FUTSTKIGL25-JAN-2023	421.8	423.55	423.55	415.5	418.7	418.7	-0.73	5874	1798500	1308	754721481.3
FUTSTKAXISBANK25-JAN-2023	968.15	969.05	974.65	959.8	962.55	962.55	-0.57	34897	18477600	15398	17885641920
FUTSTKINFY29-MAR-2023	1546.8	1536.75	1537	1513.5	1515.5	1515.5	-2.02	1329	61200	153	93140560
FUTSTKLUPIN23-FEB-2023	747.25	747.7	748.8	740	743.45	743.45	-0.5	160	32300	38	24017982.5
FUTSTKEICHERMOT23-FEB-2023	3246.75	3238.25	3263.8	3215	3247.45	3247.45	0.02	197	19600	112	63578033.75
FUTSTKIPCALAB25-JAN-2023	853.35	851.5	863.3	848.85	858.2	858.2	0.56	2479	315250	485	270272242.5
FUTSTKATUL29-MAR-2023	8306.3	0	0	0		8104.95	-2.42	0	0	0	0
FUTSTKITC29-MAR-2023	336.45	330.5	330.65	327	327.85	327.85	-2.55	63	89600	56	29410160
FUTSTKRAIN25-JAN-2023	180.65	179.45	180.85	174.6	176.95	176.95	-2.04	2977	4963000	1418	878085075
FUTSTKMRF23-FEB-2023	89304.35	89264.8	89264.8	87700.05	87865.7	87865.7	-1.61	80	420	42	36973574
FUTSTKGNFC25-JAN-2023	571.15	573.15	589.15	572.5	582.3	582.3	1.95	5738	6503900	5003	3778183890
FUTSTKJKCEMENT29-MAR-2023	3012.45	0	0	0		2959.65	-1.75	0	0	0	0
FUTSTKINTELLECT29-MAR-2023	454.8	452.2	453.6	452.2	453.6	445.75	-1.98	4	4000	4	1812150
FUTSTKBRITANNIA25-JAN-2023	4264.85	4275	4291.55	4235.75	4255.7	4255.7	-0.21	5714	296200	1481	1261895250
FUTSTKBHARTIARTL25-JAN-2023	819.8	818.4	821.75	809	812.3	812.3	-0.91	39634	4417500	4650	3604062785
FUTSTKOFSS23-FEB-2023	3039.45	3037	3050.5	3022.75	3050.5	3043.15	0.12	154	2000	10	6073900
FUTSTKPETRONET23-FEB-2023	218.65	218.05	221.6	216.5	218.75	218.75	0.04	77	138000	46	30167100
FUTSTKCOLPAL25-JAN-2023	1522.35	1524.4	1531.85	1517.85	1519.6	1519.6	-0.18	6544	306950	877	468024112.5
FUTSTKULTRACEMCO29-MAR-2023	7106.15	7119.2	7119.2	7119.2	7119.2	7119.2	0.18	5	200	2	1423840
FUTSTKTATACOMM29-MAR-2023	1357.6	1358	1361.5	1357.65	1357.65	1357.65	0	7	2000	4	2717400
FUTSTKCHOLAFIN23-FEB-2023	735.5	734	734	722.55	722.85	722.85	-1.71	51	22500	18	16360250
FUTSTKTATASTEEL29-MAR-2023	120.5	120	120	117.3	117.55	117.55	-2.44	95	539000	98	63697700
FUTSTKSAIL29-MAR-2023	89.15	88.3	88.3	85.65	86.1	86.1	-3.42	51	464000	58	40424800
FUTSTKBSOFT29-MAR-2023	305.15	0	0	0		299.45	-1.86	9	0	0	0
FUTSTKL&TFH25-JAN-2023	91	90.9	91.75	87.9	89	89	-2.19	6840	19409700	2175	1735105814
FUTSTKINTELLECT23-FEB-2023	451.9	451.15	451.2	444.05	444.05	442.95	-1.98	64	20000	20	8933050
FUTSTKBANDHANBNK23-FEB-2023	242.9	242.6	244.5	238.45	242.85	242.85	-0.02	336	594000	330	143470890
FUTSTKBAJAJFINSV23-FEB-2023	1579.7	1579.25	1582.35	1554.75	1563.7	1563.7	-1.01	478	99000	198	155191700
FUTSTKEXIDEIND29-MAR-2023	182.5	179.5	180.2	179.5	180.2	180.2	-1.26	10	7200	2	1294920
FUTSTKLTTS23-FEB-2023	3686.6	3662.15	3681	3624.95	3646.35	3646.35	-1.09	399	34000	170	124116850
FUTSTKHINDPETRO23-FEB-2023	239.9	243.05	244.3	239.3	243	243	1.29	114	321300	119	77666040
FUTSTKGNFC23-FEB-2023	574	574	592.2	574	586.5	586.5	2.17	170	205400	158	120140410
FUTSTKTVSMOTOR23-FEB-2023	1042.8	1040.45	1045.25	1017	1022.35	1022.35	-1.96	203	135100	193	138874330
FUTSTKMCDOWELL-N25-JAN-2023	870.45	869.15	870.9	853	855.65	855.65	-1.7	23113	1906875	3051	1640968688
FUTSTKICICIGI23-FEB-2023	1282.85	1289.15	1289.15	1259	1262.75	1262.75	-1.56	61	10625	25	13498998.75
FUTSTKJUBLFOOD29-MAR-2023	515.55	515.45	515.45	506.9	506.95	506.95	-1.66	22	30000	24	15267562.5
FUTSTKHAL23-FEB-2023	2556.2	2553.8	2555.4	2490	2496.9	2496.9	-2.31	444	54900	183	138381720
FUTSTKAUROPHARMA25-JAN-2023	444.15	443.7	446.4	439.2	442.65	442.65	-0.33	14185	1856000	1856	822488450
FUTSTKADANIPORTS23-FEB-2023	830.05	830.2	830.3	815.6	817.2	817.2	-1.54	577	177500	284	145946375
FUTSTKACC29-MAR-2023	2482	0	0	0		2447.5	-1.39	0	0	0	0
FUTSTKULTRACEMCO23-FEB-2023	7079.9	7080.2	7140	7076.55	7081.75	7081.75	0.02	195	12800	128	90945665
FUTSTKNMDC23-FEB-2023	127.05	126.3	126.55	122.3	122.9	122.9	-3.26	153	630000	140	77960925
FUTIDXBANKNIFTY29-MAR-2023	43922.95	43989.85	44021	43380.2	43464.6	43464.6	-1.04	729	44100	1764	1923474013
FUTSTKLAURUSLABS23-FEB-2023	382.5	382.8	383.4	376.25	378.3	378.3	-1.09	483	108900	99	41248625
FUTSTKCOALINDIA23-FEB-2023	225.15	224.95	224.95	217.05	217.9	217.9	-3.22	580	1545600	368	338508870
FUTSTKNATIONALUM29-MAR-2023	84.45	83	83	80.7	81.1	81.1	-3.96	23	225000	30	18313875
FUTSTKTATACHEM23-FEB-2023	953.25	953.5	953.5	935	939.25	939.25	-1.46	484	48000	96	45163600
FUTSTKSYNGENE25-JAN-2023	593.9	593.2	599.5	591.3	593.35	593.35	-0.09	1442	625000	625	372250050
FUTIDXMIDCPNIFTY17-JAN-2023	7230.85	0	0	0		7137.45	-1.29	0	0	0	0
FUTIDXMIDCPNIFTY07-FEB-2023	7259.75	0	0	0		7165.9	-1.29	0	0	0	0
FUTSTKMARICO23-FEB-2023	513.3	513.25	513.25	506.95	507.65	507.65	-1.1	121	39600	33	20166900
FUTIDXNIFTY23-FEB-2023	18391.8	18381.7	18381.7	18155.3	18169.4	18169.4	-1.2	25235	728500	14570	13280239113
FUTSTKABBOTINDIA25-JAN-2023	21855.25	21834.7	22151.7	21730.45	21997.15	21997.15	0.64	1177	29000	725	638440352
FUTSTKBIOCON25-JAN-2023	265	264.9	265	261	261.65	261.65	-1.26	10082	2741600	1192	719461965
FUTSTKONGC29-MAR-2023	151.95	148.3	148.3	146.5	146.5	146.5	-3.58	8	15400	4	2263030
FUTSTKPVR25-JAN-2023	1723.6	1756.2	1768.55	1696.15	1702.95	1702.95	-1.19	6966	1547821	3803	2671010109
FUTSTKHINDALCO23-FEB-2023	483.55	477.85	477.85	462.8	464.4	464.4	-3.96	285	478800	342	224373660
FUTSTKINDUSTOWER29-MAR-2023	191.55	191.4	191.4	186.4	186.4	188.3	-1.69	7	19600	7	3684100
FUTSTKINDIAMART25-JAN-2023	4351.4	4363.4	4371.5	4288.95	4316.05	4316.05	-0.81	1824	53850	359	233168107.5
FUTSTKKOTAKBANK25-JAN-2023	1844.95	1840.05	1846.6	1822.15	1829.55	1829.55	-0.83	80523	4727200	11818	8682550660
FUTSTKJINDALSTEL29-MAR-2023	605.6	597	597.05	590	592.45	592.45	-2.17	15	25000	20	14836750
FUTSTKBSOFT23-FEB-2023	303.25	301.45	301.45	295.65	297.95	297.95	-1.74	149	144000	72	42940100
FUTSTKINDIGO29-MAR-2023	2073.75	2063.95	2063.95	2030	2030	2034.8	-1.87	3	900	3	1840185
FUTSTKADANIENT23-FEB-2023	3831.2	3824.1	3865.85	3793.6	3830.1	3830.1	-0.02	2526	321250	1285	1231013450
FUTSTKCANBK29-MAR-2023	340.5	341.05	341.05	329.1	330.8	330.8	-2.84	33	108000	40	35763660
FUTSTKIRCTC25-JAN-2023	645.5	646.45	647.05	633.8	636.05	636.05	-1.46	16156	2471000	2824	1576601600
FUTSTKIDEA23-FEB-2023	8.05	8.05	8.05	7.8	7.95	7.95	-1.24	524	7560000	108	59748500
FUTSTKBEL25-JAN-2023	101	101.25	101.45	98.95	99.35	99.35	-1.63	17841	16290600	2858	1628526480
FUTSTKDABUR29-MAR-2023	569.9	570.2	570.2	570.2	570.2	568.75	-0.2	3	2500	2	1425500
FUTSTKIGL29-MAR-2023	426.05	426.3	426.3	422.7	422.7	423.75	-0.53	6	12375	9	5249612.5
FUTSTKCOFORGE23-FEB-2023	3970	3960.75	3960.75	3892.45	3897.15	3897.15	-1.83	188	10950	73	42897067.5
FUTSTKPETRONET29-MAR-2023	219.6	0	0	0		220	0.18	1	0	0	0
FUTSTKBPCL29-MAR-2023	342.3	338	338	337	337	341.65	-0.18	17	7200	4	2428560
FUTSTKJINDALSTEL23-FEB-2023	603.6	601.05	601.05	586.2	589.6	589.6	-2.31	239	198750	159	117736500
FUTSTKONGC23-FEB-2023	149.55	147.85	148.1	145	146.15	146.15	-2.27	286	581350	151	85100977.5
FUTSTKMFSL29-MAR-2023	721.2	0	0	0		725.2	0.55	0	0	0	0
FUTSTKLALPATHLAB23-FEB-2023	2187.95	2177.15	2188	2155	2159.25	2159.25	-1.31	331	26000	104	56349687.5
FUTSTKSUNPHARMA23-FEB-2023	1011.3	1015.75	1026.45	1004.7	1006.2	1006.2	-0.5	197	81200	116	82406695
FUTSTKUPL23-FEB-2023	728.45	727.55	728.1	720.05	722.25	722.25	-0.85	182	53300	41	38572625
FUTSTKSIEMENS23-FEB-2023	2863	2856.35	2856.4	2828.05	2830.5	2830.5	-1.13	44	3575	13	10151707.5
FUTSTKBAJAJ-AUTO25-JAN-2023	3618.25	3608.1	3611.7	3566	3569.9	3569.9	-1.33	4745	297250	1189	1064737225
FUTSTKINFY25-JAN-2023	1529.3	1528.5	1528.5	1495.05	1497.5	1497.5	-2.07	80463	8047200	20118	12118751260
FUTSTKSBIN29-MAR-2023	619.3	620	620	610.6	612.1	612.1	-1.16	329	61500	41	37768050
FUTSTKCIPLA29-MAR-2023	1093.2	0	0	0		1083.8	-0.85	2	0	0	0
FUTSTKUBL25-JAN-2023	1672.45	1670.85	1681.4	1652.55	1672.2	1672.2	-0.01	2605	338400	846	565568640
FUTSTKHDFC23-FEB-2023	2692.85	2684.3	2699	2646	2653.2	2653.2	-1.47	650	106800	356	284854470
FUTSTKINTELLECT25-JAN-2023	450.6	449.05	449.05	438.05	441.1	441.1	-2.1	4533	503000	503	222858100
FUTSTKWIPRO25-JAN-2023	398.45	397.4	397.75	389.3	390.2	390.2	-2.07	27798	9235500	6157	3622347075
FUTSTKVOLTAS25-JAN-2023	812.35	810	815	800.9	807.95	807.95	-0.54	10171	1155000	1925	933201480
FUTSTKICICIBANK25-JAN-2023	907.25	906.35	913.6	899.95	904.1	904.1	-0.34	96540	18956000	27080	17169669825
FUTIDXFINNIFTY28-FEB-2023	19474.4	19400	19400.05	19171	19213.5	19213.5	-1.33	7	640	16	12348172
FUTSTKMRF29-MAR-2023	90303.8	88000	88000	88000	88000	88000	-2.55	1	10	1	880000
FUTIDXMIDCPNIFTY28-MAR-2023	7326.8	0	0	0		7231.9	-1.29	0	0	0	0
FUTSTKSIEMENS25-JAN-2023	2853.55	2849.45	2863.5	2820.3	2824.85	2824.85	-1	6147	206525	751	587059412.5
FUTSTKCIPLA25-JAN-2023	1082.65	1084.9	1086.45	1070.55	1072.3	1072.3	-0.95	12775	1300650	2001	1400129933
FUTSTKDIXON29-MAR-2023	3921	3892	3892	3892	3892	3925.4	0.11	3	125	1	486500
FUTSTKRBLBANK23-FEB-2023	188.05	188.85	188.85	180	181.55	181.55	-3.45	181	1310000	262	239669250
FUTSTKICICIPRULI23-FEB-2023	473.3	473.4	479.75	472.25	473.6	473.6	0.06	197	163500	109	77712675
FUTSTKZEEL29-MAR-2023	244	240	240.5	238.15	239.65	240.7	-1.35	11	15000	5	3595050
FUTSTKITC23-FEB-2023	330.7	330.9	331.1	324.75	325.85	325.85	-1.46	2940	1091200	682	355937120
FUTSTKPAGEIND29-MAR-2023	42844.45	43000	43000	43000	43000	42829.4	-0.03	1	15	1	645000
FUTSTKVEDL29-MAR-2023	324.2	320	320	311	312.4	312.4	-3.63	29	56000	28	17604600
FUTSTKTATACONSUM29-MAR-2023	780.7	0	0	0		774.55	-0.78	7	0	0	0
FUTSTKGRASIM29-MAR-2023	1744.7	0	0	0		1717.15	-1.57	0	0	0	0
FUTSTKZYDUSLIFE23-FEB-2023	429.95	430.9	430.9	425.05	428.75	428.75	-0.27	108	43200	24	18489690
FUTSTKPEL23-FEB-2023	850.25	846.3	846.3	821.7	824.9	824.9	-2.98	465	136950	249	113618477.5
FUTSTKTCS23-FEB-2023	3339.95	3332.85	3347	3311.45	3333.6	3333.6	-0.19	1292	63875	365	212532748.8
FUTSTKULTRACEMCO25-JAN-2023	7037.95	7060	7103.95	7015.55	7037.2	7037.2	-0.01	21837	542400	5424	3831292155
FUTSTKJKCEMENT25-JAN-2023	2981.95	2989.55	3004.85	2917.6	2925.7	2925.7	-1.88	1769	174000	696	516174112.5
FUTSTKGAIL23-FEB-2023	97.75	97.5	97.5	95.75	96.2	96.2	-1.58	165	823500	90	79449450
FUTSTKHDFCBANK23-FEB-2023	1652.7	1652.1	1658	1623.8	1627	1627	-1.55	4216	387200	704	634006725
FUTSTKPEL29-MAR-2023	854.25	843.8	843.8	830	830	828.9	-2.96	4	1650	3	1377090
FUTSTKBALKRISIND29-MAR-2023	2163.85	0	0	0		2156.4	-0.34	5	0	0	0
FUTSTKAUBANK23-FEB-2023	644.45	646.75	647.15	631.15	634.25	634.25	-1.58	137	109000	109	69340900
FUTSTKTECHM23-FEB-2023	1033.9	1030.4	1039.25	1022	1028.65	1028.65	-0.5	695	85200	142	87812910
FUTSTKBPCL23-FEB-2023	338.9	338.6	342.15	335.55	338.1	338.1	-0.23	315	181800	101	61501410
FUTSTKRELIANCE25-JAN-2023	2573	2566.05	2570.85	2526.5	2531.75	2531.75	-1.6	133960	5796000	23184	14730788675
FUTSTKCANBK25-JAN-2023	339.1	338.55	340.35	326.8	328.65	328.65	-3.08	15837	30993300	11479	10276930080
FUTSTKBAJAJ-AUTO23-FEB-2023	3635.4	3622.25	3627.9	3580.05	3587.3	3587.3	-1.32	70	7000	28	25178375
FUTSTKABFRL29-MAR-2023	291.1	287	287	283.5	284.7	284.7	-2.19	6	10400	4	2964520
FUTSTKUPL29-MAR-2023	732.6	730.4	730.4	725.7	725.7	727	-0.76	13	9100	7	6626035
FUTSTKASTRAL29-MAR-2023	2039.95	0	0	0		2047	0.34	0	0	0	0
FUTSTKSYNGENE23-FEB-2023	597.1	597.05	600.5	595.2	596.4	596.4	-0.11	20	10000	10	5973150
FUTSTKWIPRO23-FEB-2023	400.4	399.6	399.6	391.45	392.35	392.35	-2.01	1660	858000	572	338262675
FUTSTKASTRAL23-FEB-2023	2024.4	2049.8	2055.5	2010	2030.75	2030.75	0.31	76	12375	45	25163311.25
FUTSTKJUBLFOOD23-FEB-2023	513.75	511.1	511.1	503	503.7	503.7	-1.95	492	268750	215	135867687.5
FUTSTKNAVINFLUOR23-FEB-2023	4064.1	4040.75	4045	3950	3964.1	3964.1	-2.46	47	11250	75	44764890
FUTSTKBAJFINANCE23-FEB-2023	6688.85	6681.3	6706.75	6615	6630.8	6630.8	-0.86	1030	46750	374	310935656.3
FUTSTKM&M23-FEB-2023	1262.45	1263	1263	1244	1249.85	1249.85	-0.99	194	83300	119	104275570
FUTSTKIOC23-FEB-2023	79.35	79.45	80.25	77.9	78.75	78.75	-0.75	319	1638000	168	129227962.5
FUTSTKMETROPOLIS29-MAR-2023	1388.85	1387.6	1387.6	1387.6	1387.6	1380.25	-0.61	2	400	1	555040
FUTSTKPFC29-MAR-2023	157.65	157	157.2	153.1	155.55	155.55	-1.33	25	248000	40	38599650
FUTSTKBRITANNIA29-MAR-2023	4290.95	0	0	0		4302.1	0.25	1	0	0	0
FUTSTKICICIPRULI29-MAR-2023	475	475	476.45	475	476.45	476.2	0.25	3	3000	2	1427175
FUTSTKABCAPITAL29-MAR-2023	156.85	0	0	0		150.6	-3.98	0	0	0	0
FUTSTKICICIGI29-MAR-2023	1289	1295	1295	1255.75	1255.75	1255.75	-2.57	3	5950	14	7593177.5
FUTSTKDALBHARAT25-JAN-2023	1884	1889.65	1891.25	1846.85	1854.75	1854.75	-1.55	2248	534000	1068	997061300
FUTSTKHONAUT25-JAN-2023	41294.45	41443.75	41498.95	40400	40533.25	40533.25	-1.84	2543	4275	285	174313890.8
FUTSTKADANIPORTS25-JAN-2023	825.05	825.7	825.75	809.9	811.9	811.9	-1.59	100495	4631250	7410	3783218125
FUTSTKSBILIFE25-JAN-2023	1276.6	1270.8	1287.8	1259.05	1262.65	1262.65	-1.09	8824	2340750	3121	2982082613
FUTSTKHDFC25-JAN-2023	2679.4	2675	2687	2630.5	2639.6	2639.6	-1.48	63794	2327700	7759	6184580625
FUTSTKSAIL25-JAN-2023	88.8	88.2	88.7	85.05	85.6	85.6	-3.6	14825	36120000	4515	3120186800
FUTSTKAXISBANK29-MAR-2023	975.65	980	981	968.1	969.5	969.5	-0.63	363	51600	43	50329080
FUTSTKPNB25-JAN-2023	58.15	58.35	58.55	55.9	56.5	56.5	-2.83	13258	122912000	7682	6997856800
FUTSTKIBULHSGFIN25-JAN-2023	151.4	151.55	152.1	144.4	145.9	145.9	-3.63	11140	13180000	3295	1939415800
FUTSTKAUBANK29-MAR-2023	642.65	638	642	631	633	633	-1.5	9	9000	9	5727050
FUTSTKEXIDEIND23-FEB-2023	181.7	182.25	182.25	178	179.45	179.45	-1.23	1447	2268000	630	407664720
FUTSTKDIVISLAB29-MAR-2023	3446.3	3450	3482.75	3450	3475.75	3489.95	1.26	29	3750	25	13018935
FUTSTKABB29-MAR-2023	2732.65	0	0	0		2748.1	0.56	0	0	0	0
FUTSTKAUROPHARMA29-MAR-2023	448.4	448	450.5	447.4	450.5	448.2	-0.04	23	5000	5	2243800
FUTSTKALKEM23-FEB-2023	3057.95	2990	2997.85	2974.85	2974.85	2974.85	-2.71	58	1200	6	3587400
FUTSTKRECLTD25-JAN-2023	123.45	122.95	124.1	120.25	122.6	122.6	-0.68	9379	33384000	4173	4089061600
FUTSTKIEX23-FEB-2023	143.7	143.4	143.4	140.8	141.05	141.05	-1.84	818	603750	161	85557000
FUTSTKHINDALCO25-JAN-2023	481	476.7	479.4	459.55	461.35	461.35	-4.08	15326	14817600	10584	6897049880
FUTSTKIBULHSGFIN29-MAR-2023	153.4	151	151.35	147.1	147.4	147.4	-3.91	22	40000	10	5969800
FUTSTKIOC29-MAR-2023	79.8	79.15	79.45	78.2	78.9	79.35	-0.56	20	117000	12	9247875
FUTSTKCOALINDIA25-JAN-2023	224.8	225.1	225.1	216.5	217.45	217.45	-3.26	5728	18358200	4371	4016691840
FUTSTKINDUSINDBK29-MAR-2023	1260	1279.45	1284	1220.5	1239.9	1239.9	-1.59	332	28800	64	35971560
FUTSTKMUTHOOTFIN25-JAN-2023	1088	1087.15	1095	1068	1082.45	1082.45	-0.51	12585	958650	1743	1039641735
FUTSTKCOLPAL29-MAR-2023	1541.75	1537	1537	1537	1537	1537	-0.3	7	350	1	537950
FUTSTKDEEPAKNTR23-FEB-2023	2012	2000	2001.15	1949.7	1957.05	1957.05	-2.73	338	53750	215	105841862.5
FUTSTKTRENT23-FEB-2023	1362.45	1362	1362	1310.3	1317.15	1317.15	-3.32	50	28000	70	37306920
FUTSTKAPOLLOTYRE29-MAR-2023	330.65	325.65	325.65	319.2	325.55	325.25	-1.63	10	31500	9	10166100
FUTSTKOBEROIRLTY29-MAR-2023	891.25	0	0	0		873.85	-1.95	0	0	0	0
FUTSTKMGL23-FEB-2023	858.05	853.2	856.6	844.45	851.25	851.25	-0.79	144	14400	18	12240960
FUTSTKGRASIM23-FEB-2023	1736.1	1736.1	1741.8	1702.45	1708.55	1708.55	-1.58	55	24700	52	42314686.25
FUTSTKCHOLAFIN29-MAR-2023	740.25	0	0	0		729.9	-1.39	2	0	0	0
FUTSTKIBULHSGFIN23-FEB-2023	152.3	152.55	152.55	145.3	146.65	146.65	-3.7	617	2016000	504	298432600
FUTSTKCUMMINSIND29-MAR-2023	1418.35	1391.7	1391.7	1391.7	1391.7	1414.95	-0.23	3	1200	2	1670040
FUTSTKNATIONALUM23-FEB-2023	83.6	82.75	82.75	80.3	81.1	81.1	-2.99	305	1702500	227	138282750
FUTSTKMCDOWELL-N23-FEB-2023	875.6	874.05	876.8	858.6	861.5	861.5	-1.61	199	86250	138	74695968.75
FUTSTKRAMCOCEM29-MAR-2023	724.75	0	0	0		719.7	-0.69	0	0	0	0
FUTSTKMANAPPURAM23-FEB-2023	122.9	122.75	125.2	120.6	122.5	122.5	-0.32	331	1356000	226	166553700
FUTSTKGODREJCP29-MAR-2023	907.15	0	0	0		902.8	-0.47	3	0	0	0
FUTSTKNMDC25-JAN-2023	126.45	125.95	126.5	121.55	122.3	122.3	-3.28	7750	14580000	3240	1795481550
FUTSTKWIPRO29-MAR-2023	402.85	399.5	399.5	394	394.45	394.45	-2.08	72	61500	41	24348825
FUTSTKLALPATHLAB25-JAN-2023	2231.7	2225.45	2238.2	2197.15	2205.7	2205.7	-1.16	4668	326750	1307	723820350
FUTSTKBAJAJFINSV25-JAN-2023	1570.55	1567.75	1572.35	1545	1554.3	1554.3	-1.03	15963	1395500	2791	2172880375
FUTSTKTATASTEEL25-JAN-2023	119	119.35	119.45	115.65	116.15	116.15	-2.39	35179	69707000	12674	8147836675
FUTSTKUPL25-JAN-2023	724	725.6	725.65	714.1	717.55	717.55	-0.89	15384	2382900	1833	1712789130
FUTSTKACC23-FEB-2023	2471.25	2493.9	2503.55	2430.6	2436.45	2436.45	-1.4	86	23250	93	57336550
FUTSTKBATAINDIA29-MAR-2023	1672.35	0	0	0		1665	-0.43	1	0	0	0
FUTSTKPETRONET25-JAN-2023	217.45	218.25	220.7	214.85	217.25	217.25	-0.09	3948	7803000	2601	1696911300
FUTSTKINDIACEM23-FEB-2023	225.4	227	227	221.1	221.9	221.9	-1.55	64	124700	43	27892780
FUTSTKSBIN23-FEB-2023	616.9	618	618.55	607.7	609.55	609.55	-1.19	1642	1119000	746	684079650
FUTSTKHDFCBANK29-MAR-2023	1661.55	1659.3	1659.3	1632	1632	1635.6	-1.56	884	13750	25	22593670
FUTSTKJSWSTEEL29-MAR-2023	773	768	768	746	746.1	746.1	-3.47	28	24300	18	18328950
FUTSTKPIDILITIND23-FEB-2023	2564.2	2561.75	2561.75	2531.7	2536.5	2536.5	-1.08	92	8250	33	20987737.5
FUTSTKHONAUT23-FEB-2023	41439.55	40900	40987.9	40900	40987.9	40851.95	-1.41	10	45	3	1842625.5
FUTSTKDABUR23-FEB-2023	566.5	566.5	568.95	564.25	565.55	565.55	-0.16	67	56250	45	31881187.5
FUTSTKTRENT25-JAN-2023	1353.9	1365.5	1365.5	1303.5	1309.45	1309.45	-3.28	10104	952800	2382	1259609840
FUTSTKBALKRISIND23-FEB-2023	2150.1	2119.15	2126	2119.15	2123.6	2123.6	-1.23	61	2400	8	5092860
FUTSTKABBOTINDIA29-MAR-2023	22029.45	22200	22200	22200	22200	22285.7	1.16	2	40	1	888000
FUTSTKJSWSTEEL25-JAN-2023	768.25	768.35	768.35	736.05	737.3	737.3	-4.02	17425	7327800	5428	5469530805
FUTSTKBANKBARODA29-MAR-2023	189.5	185.55	186	183.65	186	185.6	-2.05	27	40950	7	7569022.5
FUTSTKWHIRLPOOL29-MAR-2023	1539.9	0	0	0		1529.55	-0.67	0	0	0	0
FUTSTKABB25-JAN-2023	2706.8	2707.7	2745	2707.7	2714.35	2714.35	0.27	7641	422000	1688	1150403000
FUTSTKHDFCBANK25-JAN-2023	1644.15	1643.65	1649.75	1614.6	1618.5	1618.5	-1.56	100555	11336600	20612	18488193515
FUTSTKALKEM29-MAR-2023	3077.5	0	0	0		3073.15	-0.14	2	0	0	0
FUTSTKMARUTI29-MAR-2023	8517.95	8496.95	8597.25	8450	8539.65	8539.65	0.25	18	600	6	5110645
FUTSTKJUBLFOOD25-JAN-2023	510.6	510.1	510.8	500	500.95	500.95	-1.88	11976	2715000	2172	1365843875
FUTSTKTVSMOTOR25-JAN-2023	1045.3	1043.35	1049.9	1016.55	1023.55	1023.55	-2.08	10694	2743300	3919	2820767250
FUTSTKASIANPAINT29-MAR-2023	3076.95	3080	3089	3060	3067.1	3067.1	-0.32	51	2800	14	8612840
FUTSTKTCS29-MAR-2023	3357.55	3358	3386.45	3332.45	3351.55	3351.55	-0.17	62	10500	60	35120837.5
FUTSTKICICIBANK29-MAR-2023	915.85	920	923.3	911.55	914.65	914.65	-0.13	436	17500	25	16022265
FUTSTKCANFINHOME23-FEB-2023	555.55	552.95	553.8	544.3	548.4	548.4	-1.28	68	47775	49	26209608.75
FUTSTKM&MFIN23-FEB-2023	236	236.85	238.7	233.3	234.85	234.85	-0.48	87	292000	73	68963600
FUTSTKSUNTV23-FEB-2023	488.85	485.05	485.05	479.5	480.05	480.05	-1.8	123	63000	42	30343650
FUTSTKTECHM25-JAN-2023	1027.4	1027.2	1032	1015.05	1022.65	1022.65	-0.46	20685	2877600	4796	2944499520
FUTSTKCHOLAFIN25-JAN-2023	733	729.55	740.65	717.2	719.95	719.95	-1.78	5254	1610000	1288	1166674250
FUTSTKDEEPAKNTR29-MAR-2023	2031.1	1970	1970	1965.05	1965.05	1965.05	-3.25	11	1000	4	1968425
FUTSTKRELIANCE23-FEB-2023	2588.55	2585	2585	2542	2546.6	2546.6	-1.62	1868	377500	1510	964700700
FUTSTKCOFORGE25-JAN-2023	4007.3	4004.9	4008.25	3917.25	3932.95	3932.95	-1.85	3621	288900	1926	1142796833
FUTSTKPOLYCAB29-MAR-2023	2632.6	0	0	0		2637.75	0.19	0	0	0	0
FUTSTKL&TFH29-MAR-2023	91.85	90.75	90.75	90.75	90.75	89.9	-2.12	5	8924	1	809853
FUTSTKHDFCAMC29-MAR-2023	2224.9	2185	2197.15	2170	2194	2215.5	-0.42	7	2100	7	4597125
FUTSTKIDEA25-JAN-2023	8	7.95	7.95	7.7	7.85	7.85	-1.87	8496	101570000	1451	793772000
FUTSTKMUTHOOTFIN23-FEB-2023	1079.55	1078.1	1082.65	1057.8	1070.1	1070.1	-0.87	263	49500	90	52912640
FUTSTKLICHSGFIN25-JAN-2023	424.35	424.85	425.95	413.15	422.3	422.3	-0.48	6069	4588000	2294	1924841200
FUTSTKZYDUSLIFE29-MAR-2023	431.5	0	0	0		430.6	-0.2	1	0	0	0
FUTSTKBOSCHLTD23-FEB-2023	17298.55	17225	17225	16900	16944.25	16944.25	-2.04	32	900	18	15289765
FUTSTKWHIRLPOOL25-JAN-2023	1522.35	1519.9	1521.5	1496.4	1511.15	1511.15	-0.73	1914	152950	437	230700610
FUTSTKM&M29-MAR-2023	1269.4	1260	1260	1250	1256.7	1256.7	-1	11	4900	7	6147890
FUTSTKMETROPOLIS23-FEB-2023	1374	1372.15	1377.85	1362.55	1364	1364	-0.72	121	6000	15	8214140
FUTSTKNAUKRI25-JAN-2023	3940.1	3931.95	3945.05	3809	3826.75	3826.75	-2.87	9664	402125	3217	1549853394
FUTSTKBANKBARODA25-JAN-2023	188.55	187.75	189.4	182.1	183.5	183.5	-2.67	14201	54756000	9360	10109076998
FUTSTKESCORTS29-MAR-2023	2201.65	0	0	0		2179.4	-1.01	0	0	0	0
FUTSTKASIANPAINT23-FEB-2023	3062.9	3074.5	3074.5	3033.1	3043.9	3043.9	-0.62	578	66600	333	203566070
FUTSTKDELTACORP29-MAR-2023	220.95	220	220	220	220	216.7	-1.92	6	2800	1	616000
FUTSTKMETROPOLIS25-JAN-2023	1373.75	1368.1	1378.95	1358	1364.6	1364.6	-0.66	3450	322000	805	440991000
FUTSTKHAVELLS25-JAN-2023	1132.55	1135.05	1155.7	1122.7	1151.6	1151.6	1.68	9345	1841000	3682	2105520275
FUTSTKGUJGASLTD25-JAN-2023	491.8	492.95	495.35	476.45	477.9	477.9	-2.82	3454	2422500	1938	1171766313
FUTSTKSRF23-FEB-2023	2332	2325	2325	2277.25	2282.75	2282.75	-2.11	216	23250	62	53338725
FUTSTKINDIAMART29-MAR-2023	4421	0	0	0		4429.15	0.18	6	0	0	0
FUTSTKHAVELLS29-MAR-2023	1146.1	1141.95	1142.45	1141.95	1142.45	1166.95	1.81	4	1000	2	1142200
FUTSTKTITAN25-JAN-2023	2625.65	2631	2635.6	2595.05	2610.8	2610.8	-0.56	17374	1531125	4083	4000330538
FUTSTKNESTLEIND29-MAR-2023	20066.7	0	0	0		19829.55	-1.18	5	0	0	0
FUTSTKASTRAL25-JAN-2023	2014.35	2019.95	2047.7	1998.1	2019.85	2019.85	0.27	6061	938850	3414	1900399009
FUTSTKM&MFIN29-MAR-2023	238.05	236	236	235	235	237.85	-0.08	5	36000	9	8479600
FUTSTKGRANULES25-JAN-2023	328.9	330	330.4	322.35	324.45	324.45	-1.35	3848	1236000	618	401899400
FUTSTKHDFCLIFE25-JAN-2023	599.35	600.15	611.9	597.7	600.2	600.2	0.14	12602	9607400	8734	5809592470
FUTSTKAPOLLOHOSP25-JAN-2023	4516.95	4526	4533.05	4441.75	4453.15	4453.15	-1.41	13796	490375	3923	2196772044
FUTSTKMPHASIS29-MAR-2023	2036.55	2014.35	2033	2014.35	2033	2038.15	0.07	6	1650	6	3336987.5
FUTSTKATUL23-FEB-2023	8263.45	8122.55	8122.55	7990	7993.3	8053.55	-2.54	19	1200	16	9646316.25
FUTSTKCUB23-FEB-2023	180.1	181	181	177	178.9	178.9	-0.66	103	310000	62	55442500
FUTSTKCROMPTON25-JAN-2023	348.8	349.6	350.5	339.6	340.6	340.6	-2.35	2903	1390500	927	477390375
FUTSTKAMBUJACEM23-FEB-2023	538.25	539.55	542.65	523.85	525.05	525.05	-2.45	708	604800	336	322428780
FUTSTKGODREJCP23-FEB-2023	901.35	906	908.1	896	896.4	896.4	-0.54	41	14000	14	12607750
FUTSTKDLF25-JAN-2023	382.55	382.15	382.7	369.7	373.3	373.3	-2.41	26154	9789450	5933	3663282480
FUTSTKCANBK23-FEB-2023	339.6	338.9	340.5	327.85	329.3	329.3	-3.03	435	1984500	735	659787660
FUTSTKINDIAMART23-FEB-2023	4321.95	4341.5	4343.4	4340.15	4340.15	4401.05	1.83	45	450	3	1953757.5
FUTSTKNTPC25-JAN-2023	168.65	168.9	168.9	165.3	167.3	167.3	-0.8	9479	10852800	1904	1812848235
FUTSTKAPOLLOHOSP23-FEB-2023	4546.7	4552.25	4552.25	4472.35	4480.3	4480.3	-1.46	123	16000	128	72272750
FUTSTKPOWERGRID25-JAN-2023	216.85	216.6	216.6	211.45	211.95	211.95	-2.25	12162	7535700	2791	1607048775
FUTSTKCHAMBLFERT29-MAR-2023	319.65	322	322	317.7	317.7	317.7	-0.61	4	3000	2	959550
FUTSTKBALRAMCHIN23-FEB-2023	405.6	402.3	403.05	382.15	389.25	389.25	-4.03	504	254400	159	99536160
FUTSTKIRCTC23-FEB-2023	646.9	647.35	647.35	635.6	637.1	637.1	-1.51	1114	141750	162	90635300
FUTSTKGRANULES23-FEB-2023	331	331	331	325	326.55	326.55	-1.34	45	62000	31	20270600
FUTSTKPERSISTENT25-JAN-2023	4056.85	4039.95	4074.5	3894.55	3933.3	3933.3	-3.04	2712	452025	2583	1785119359
FUTIDXNIFTY25-JAN-2023	18317.3	18299	18303.3	18083.2	18103.05	18103.05	-1.16	223308	10588200	211764	1.92351E+11
FUTSTKLTIM25-JAN-2023	4376.6	4331.95	4335	4275.45	4300.5	4300.5	-1.73	12386	529350	3529	2277065363
FUTSTKSBICARD25-JAN-2023	793.55	786.2	796	781.15	786.45	786.45	-0.89	8824	1476800	1846	1161963200
FUTSTKRBLBANK29-MAR-2023	189.65	186.65	186.65	182	182	182.8	-3.61	7	25000	5	4623250
FUTSTKBHARATFORG29-MAR-2023	893	876	876	870	872	874.4	-2.08	3	3000	3	2618000
FUTSTKPFC23-FEB-2023	157.15	156.8	157.65	152.95	155.65	155.65	-0.95	236	1922000	310	298689960
FUTSTKDRREDDY29-MAR-2023	4306.5	4306.5	4306.5	4302.9	4302.9	4302.9	-0.08	15	250	2	1076175
FUTSTKIPCALAB29-MAR-2023	863.65	0	0	0		869.35	0.65	1	0	0	0
FUTSTKPERSISTENT23-FEB-2023	4047.65	4010	4010.8	3887.55	3920.65	3920.65	-3.13	107	11900	68	46820830
FUTSTKGODREJPROP23-FEB-2023	1254.75	1252.45	1252.45	1220	1223.5	1223.5	-2.49	247	43350	102	53398976.25
FUTSTKTATAMOTORS23-FEB-2023	397.8	397.6	397.6	388	389	389	-2.21	2495	2003550	1406	782426673.8
FUTSTKJKCEMENT23-FEB-2023	2993.65	3005.4	3009	2927.8	2932.15	2932.15	-2.05	39	10500	42	31216562.5
FUTSTKSBICARD29-MAR-2023	802.65	794	794.5	793	794.5	796.45	-0.77	11	7200	9	5717520
FUTSTKCONCOR29-MAR-2023	756	740	740	740	740	741.9	-1.86	1	1000	1	740000
FUTSTKBATAINDIA25-JAN-2023	1651.7	1653.85	1653.9	1633.45	1645.2	1645.2	-0.39	8890	304425	1107	499960106.3
FUTSTKTORNTPHARM23-FEB-2023	1559.65	1547.55	1547.55	1539.55	1545.1	1545.1	-0.93	7	3000	6	4626100
FUTSTKIRCTC29-MAR-2023	647	640	641.2	636.2	637.5	645.3	-0.26	30	34125	39	21813750
FUTSTKDELTACORP25-JAN-2023	218.2	217.55	217.55	213	214.15	214.15	-1.85	5587	2170000	775	466636100
FUTSTKBPCL25-JAN-2023	338.75	340.55	342.7	335	337.85	337.85	-0.26	8007	4467600	2482	1511128260
FUTSTKBHARTIARTL29-MAR-2023	830.75	829	829	818.95	818.95	818.95	-1.42	6	3800	4	3133527.5
FUTSTKLT29-MAR-2023	2124	2125	2125	2091	2099.45	2099.45	-1.15	30	4800	16	10074435
FUTSTKHAVELLS23-FEB-2023	1138	1144.5	1160.4	1131	1157.25	1157.25	1.69	117	28000	56	32222700
FUTSTKEICHERMOT29-MAR-2023	3265.15	3266	3272.85	3264	3272.85	3266.2	0.03	6	875	5	2859421.25
FUTSTKFSL23-FEB-2023	104.85	104	104	103	103.1	103.1	-1.66	135	197600	38	20418840
FUTSTKPVR23-FEB-2023	1725.55	1765	1799.3	1700	1708	1708	-1.01	172	50061	123	86715806.65
FUTSTKHINDUNILVR29-MAR-2023	2588.9	2595.25	2595.25	2575.7	2575.7	2575.7	-0.5	10	1200	4	3101760
FUTSTKMOTHERSON25-JAN-2023	76.45	76.3	76.6	74.2	75.05	75.05	-1.83	10629	8113500	1202	608981287.5
FUTSTKOFSS29-MAR-2023	3047.8	0	0	0		3062.6	0.48	0	0	0	0
FUTSTKCIPLA23-FEB-2023	1088	1083.2	1091	1076.8	1078.35	1078.35	-0.88	69	24050	37	26004972.5
FUTSTKHINDUNILVR23-FEB-2023	2573	2578.2	2578.2	2553.4	2564.3	2564.3	-0.33	213	19500	65	50038515
FUTSTKGODREJCP25-JAN-2023	895.2	895	905.25	890.7	892.2	892.2	-0.33	5261	1036000	1036	929541400
FUTSTKBAJFINANCE29-MAR-2023	6738.6	6720	6726.3	6663.9	6668.75	6668.75	-1.03	338	4500	36	30101400
FUTSTKSRF29-MAR-2023	2339.9	2320	2326.75	2302	2315.35	2301.2	-1.65	8	2250	6	5204175
FUTSTKCHAMBLFERT23-FEB-2023	315	315.3	320.25	313.35	315.85	315.85	0.26	409	252000	168	79830300
FUTSTKGLENMARK29-MAR-2023	441.7	435.5	436.1	435.5	435.8	435.8	-1.33	3	2900	2	1263820
FUTSTKONGC25-JAN-2023	150	149.05	149.25	145.35	146.6	146.6	-2.26	7869	14768600	3836	2168621070
FUTSTKBOSCHLTD29-MAR-2023	17409.3	17000	17000	17000	17000	17124.5	-1.63	1	50	1	850000
FUTSTKIPCALAB23-FEB-2023	851.75	0	0	0		863.8	1.41	39	0	0	0
FUTSTKMFSL25-JAN-2023	712.05	713.55	728.2	710.15	715.5	715.5	0.48	9270	2234700	3438	1604485610
FUTSTKBALRAMCHIN25-JAN-2023	404.9	403.15	404.35	380.95	388.4	388.4	-4.07	4653	4708800	2943	1840881120
FUTSTKPOLYCAB25-JAN-2023	2607.25	2605.95	2609.85	2571.45	2598.75	2598.75	-0.32	2592	251400	838	651137010
FUTSTKCOFORGE29-MAR-2023	3938	3938.1	3939	3871.65	3871.65	3871.65	-1.68	17	1050	7	4119337.5
FUTSTKASHOKLEY23-FEB-2023	149.3	149.05	149.1	146.4	147.5	147.5	-1.2	294	790000	158	116665750
FUTSTKIEX29-MAR-2023	144.95	142.2	142.2	141.5	141.5	141.5	-2.38	14	7500	2	1063875
FUTSTKALKEM25-JAN-2023	3024	3025.8	3028.85	3003.9	3014.9	3014.9	-0.3	1465	71600	358	216104300
FUTSTKIDFC25-JAN-2023	85.05	85	85.5	82.6	83.7	83.7	-1.58	11126	25690000	2569	2155750500
FUTSTKCUMMINSIND23-FEB-2023	1389.55	1398.4	1414.35	1374.1	1378.5	1378.5	-0.79	60	26400	44	36728370
FUTSTKAPOLLOTYRE23-FEB-2023	328.6	326.35	326.35	318	322.65	322.65	-1.81	98	343000	98	110494825
FUTSTKABB23-FEB-2023	2715.3	2728.75	2758	2728.75	2731	2731	0.57	51	5250	21	14387150
FUTSTKKOTAKBANK29-MAR-2023	1863	1862	1862	1846.55	1851.95	1851.95	-0.59	20	3600	9	6676140
FUTSTKNTPC23-FEB-2023	168.6	168.6	168.65	165.65	167.35	167.35	-0.74	257	524400	92	87599025
FUTSTKRECLTD29-MAR-2023	124.1	122.25	124.05	121.5	122.35	122.35	-1.41	22	96000	12	11780800
FUTSTKHINDCOPPER25-JAN-2023	116.8	117.1	117.1	113.7	114.8	114.8	-1.71	3844	5779200	1204	663082560
FUTSTKZYDUSLIFE25-JAN-2023	427.25	427.7	428.2	421.5	426.15	426.15	-0.25	5566	1445400	803	613804320
FUTSTKGUJGASLTD29-MAR-2023	498.5	481	481	481	481	485.1	-2.68	1	1250	1	601250
FUTSTKNTPC29-MAR-2023	170.3	166.2	166.2	166.2	166.2	169.25	-0.61	3	11400	2	1894680
FUTSTKMPHASIS23-FEB-2023	2027.45	2020.25	2030	1998	2022.4	2022.4	-0.24	183	15950	58	32115971.25
FUTSTKASIANPAINT25-JAN-2023	3042.95	3057.9	3057.95	3013.1	3026	3026	-0.55	27991	1217800	6089	3698329320
FUTSTKMOTHERSON23-FEB-2023	76.9	76.8	77.15	74.9	75.4	75.4	-1.95	624	850500	126	64388925
FUTSTKGLENMARK25-JAN-2023	436.05	432.5	438.9	428.4	430.1	430.1	-1.36	3406	1824100	1258	790889595
FUTSTKNMDC29-MAR-2023	127.65	125	125	122.8	123.45	123.45	-3.29	13	22500	5	2779650
FUTIDXFINNIFTY28-MAR-2023	19338.3	19412.05	19412.05	19310.65	19312.75	19304.55	-0.17	6	240	6	4642166
FUTSTKINDIGO23-FEB-2023	2061.55	2077.7	2077.9	2016	2022.85	2022.85	-1.87	91	24600	82	50173260
FUTSTKSBILIFE29-MAR-2023	1288.8	0	0	0		1279	-0.76	0	0	0	0
FUTSTKFSL25-JAN-2023	104.65	104.9	104.9	102.05	102.6	102.6	-1.95	3017	1934400	372	199079920
FUTSTKHDFC29-MAR-2023	2707.55	2664.1	2664.1	2660	2660	2667.3	-1.48	6	1200	4	3195630
FUTSTKMARICO25-JAN-2023	513.7	514.9	516	508	509	509	-0.91	6795	1386000	1155	709152420
FUTSTKPOWERGRID29-MAR-2023	216.6	214.95	214.95	213	213.15	214.4	-1.01	12	13500	5	2883600
FUTSTKBHEL29-MAR-2023	81.65	81.2	81.2	78.8	80.35	80.35	-1.59	13	147000	14	11766300
FUTSTKHONAUT29-MAR-2023	41704.8	0	0	0		41112.7	-1.41	5	0	0	0
FUTSTKHINDALCO29-MAR-2023	487.65	480.05	480.05	466.25	467.15	467.15	-4.2	31	39200	28	18432260
FUTSTKIDFCFIRSTB29-MAR-2023	62.35	62	62	60.55	61.15	61.15	-1.92	30	495000	33	30298500
FUTSTKCROMPTON23-FEB-2023	350.35	349.65	349.65	341.6	341.85	341.85	-2.42	72	106500	71	36731925
FUTSTKUBL23-FEB-2023	1675.5	1673	1673	1661.9	1672	1695.35	1.18	19	2800	7	4670300
FUTSTKSRF25-JAN-2023	2317.3	2312.75	2318	2265.1	2273.2	2273.2	-1.9	12086	755250	2014	1724557781
FUTSTKGMRINFRA29-MAR-2023	41.45	41.2	41.2	40.55	40.65	40.65	-1.93	9	405000	18	16513875
FUTSTKCOROMANDEL29-MAR-2023	915.05	0	0	0		909.6	-0.59	0	0	0	0
FUTSTKPAGEIND25-JAN-2023	42427.15	42454.6	42605	41950	42375.15	42375.15	-0.12	6575	14610	974	618284542.5
FUTSTKNAVINFLUOR29-MAR-2023	4098.95	0	0	0		4004.45	-2.3	0	0	0	0
FUTSTKOBEROIRLTY23-FEB-2023	887.6	876.05	878.45	861.65	861.65	861.65	-2.92	23	14700	21	12810175
FUTSTKHDFCAMC23-FEB-2023	2191.2	2188	2193.6	2165	2171.75	2171.75	-0.88	276	16500	55	35897685
FUTSTKHINDUNILVR25-JAN-2023	2557.65	2564.4	2570.35	2538.5	2548.3	2548.3	-0.36	26882	1218600	4062	3109466580
FUTSTKRAIN29-MAR-2023	182.7	179.4	179.4	179.35	179.35	179.3	-1.86	7	7000	2	1255625
FUTSTKINDIACEM29-MAR-2023	225.9	224.95	225	224.95	225	223.05	-1.26	3	5800	2	1304855
FUTSTKGRANULES29-MAR-2023	331.7	0	0	0		328.25	-1.04	0	0	0	0
FUTSTKHEROMOTOCO23-FEB-2023	2722.75	2711.95	2720.8	2700	2705.35	2705.35	-0.63	244	5700	19	15437415
FUTSTKABFRL23-FEB-2023	289.3	286.5	287	280.6	282.85	282.85	-2.22	131	153400	59	43619810
FUTSTKGMRINFRA23-FEB-2023	41.35	41.15	41.15	40.25	40.35	40.35	-2.41	154	2475000	110	100216125
FUTSTKNAUKRI29-MAR-2023	3979.9	3900	3900	3840	3841	3841	-3.49	9	1375	11	5310787.5
FUTSTKTORNTPHARM29-MAR-2023	1569.6	0	0	0		1572.6	0.19	0	0	0	0
FUTIDXMIDCPNIFTY10-JAN-2023	7221.55	0	0	0		7128.3	-1.29	0	0	0	0
FUTSTKBERGEPAINT29-MAR-2023	588.8	584.05	584.9	584.05	584.9	582.75	-1.02	26	3300	3	1928300
FUTSTKSYNGENE29-MAR-2023	599.6	0	0	0		600	0.06	0	0	0	0
FUTSTKABBOTINDIA23-FEB-2023	21900	21950	22176.45	21940	22044.1	22044.1	0.65	24	1320	33	29155212
FUTSTKIEX25-JAN-2023	143.55	142.85	143.25	140.55	141	141	-1.77	11138	4773750	1273	675109875
FUTSTKLUPIN29-MAR-2023	749.85	748.25	748.25	744	744	746.25	-0.48	8	2550	3	1904170
FUTSTKGMRINFRA25-JAN-2023	41.05	40.95	41.15	39.9	40.15	40.15	-2.19	6073	27652500	1229	1113599250
FUTIDXMIDCPNIFTY24-JAN-2023	7240.2	0	0	0		7146.6	-1.29	0	0	0	0
FUTSTKBERGEPAINT23-FEB-2023	584.8	586.5	586.5	578.2	578.2	578.2	-1.12	100	16500	15	9605145
FUTSTKGRASIM25-JAN-2023	1725.05	1727.9	1733.25	1690.55	1698.05	1698.05	-1.56	16280	1005100	2116	1716137879
FUTSTKHINDPETRO29-MAR-2023	241.55	241	241	240	240	244.85	1.36	2	5400	2	1298700
FUTSTKMGL25-JAN-2023	861.5	863.25	863.75	849	853.35	853.35	-0.94	2994	579200	724	495032200
FUTSTKICICIPRULI25-JAN-2023	470.35	471.75	476.9	469.35	471.2	471.2	0.18	11470	3718500	2479	1756180725
FUTIDXBANKNIFTY25-JAN-2023	43609.3	43595.2	43710	43031	43136.15	43136.15	-1.08	93792	4463175	178527	1.93253E+11
FUTSTKPOWERGRID23-FEB-2023	216.15	214.65	215.45	211.25	211.6	211.6	-2.1	582	791100	293	168793065
FUTSTKNAUKRI23-FEB-2023	3949.05	3937.4	3938.65	3823.95	3828.15	3828.15	-3.06	301	30875	247	119725912.5
FUTSTKRECLTD23-FEB-2023	123.65	123.65	124.35	120.6	122.8	122.8	-0.68	271	2048000	256	251424000
FUTSTKHINDPETRO25-JAN-2023	239.15	241.5	245.65	238.1	241.9	241.9	1.14	7244	8669700	3211	2092670370
FUTSTKEXIDEIND25-JAN-2023	181.55	181.25	181.9	177.65	179.55	179.55	-1.1	6372	4734000	1315	850235220
FUTSTKBIOCON23-FEB-2023	266.65	266.15	266.15	262.9	263.15	263.15	-1.31	347	151800	66	40075085
FUTSTKCUB25-JAN-2023	179.75	180.5	181	175.35	178.6	178.6	-0.63	1755	3585000	717	638682000
FUTSTKNAVINFLUOR25-JAN-2023	4057.25	4051.4	4060.75	3939.9	3959.35	3959.35	-2.41	2575	354900	2366	1411391063
FUTSTKEICHERMOT25-JAN-2023	3231.9	3226.55	3252.55	3199.15	3231.4	3231.4	-0.01	15453	678475	3877	2189684210
FUTSTKNESTLEIND25-JAN-2023	19805.65	19769.9	19851.4	19590.05	19613.9	19613.9	-0.96	6096	35640	891	700657316
FUTSTKPEL25-JAN-2023	845	842.75	844.35	815	819.9	819.9	-2.97	10209	1283150	2333	1058598448
FUTSTKICICIGI25-JAN-2023	1274.9	1277.05	1284.4	1248.75	1254.5	1254.5	-1.6	7988	695725	1637	879962245
FUTSTKRAMCOCEM25-JAN-2023	712.7	716.1	720	704.5	705.6	705.6	-0.99	4354	1143250	1345	814256225
FUTSTKM&MFIN25-JAN-2023	235.75	236.1	239	231.95	234.4	234.4	-0.57	5978	10632000	2658	2503958600
FUTSTKTATACONSUM25-JAN-2023	770.05	768.95	769.8	762.05	764.3	764.3	-0.74	9694	1111500	1235	849967965
FUTSTKDIXON25-JAN-2023	3930.55	3914.85	3937	3857	3865.8	3865.8	-1.64	3351	135500	1084	527126131.3
FUTSTKBHARATFORG25-JAN-2023	884.55	884.55	886.05	861.25	865.65	865.65	-2.13	6328	2489000	2489	2164511750
FUTSTKCHAMBLFERT25-JAN-2023	316.35	313.45	322	311.9	317.65	317.65	0.41	4561	5727000	3818	1823515050
FUTSTKADANIENT25-JAN-2023	3849.8	3850.1	3885.7	3812.65	3832.75	3832.75	-0.44	49880	2580500	10322	9922631638
FUTSTKBOSCHLTD25-JAN-2023	17214.6	17185.6	17185.6	16809.6	16869.65	16869.65	-2	2623	53900	1078	912105065
FUTSTKDELTACORP23-FEB-2023	219.55	217.2	218.2	214.65	215.2	215.2	-1.98	184	140000	50	30284380
FUTSTKMARUTI23-FEB-2023	8467.7	8452.7	8611.35	8391.55	8498.6	8498.6	0.36	605	46600	466	395749275
FUTSTKDABUR25-JAN-2023	562.8	560.6	566.4	560	561.7	561.7	-0.19	9813	1466250	1173	826155312.5
FUTIDXMIDCPNIFTY31-JAN-2023	7249.55	7131.85	7142.8	7131.85	7140	7140	-1.51	2	375	5	2677305
FUTSTKTORNTPOWER25-JAN-2023	502.95	504	505	484.65	485.95	485.95	-3.38	2180	909000	606	446323875
FUTSTKINDUSTOWER25-JAN-2023	190.3	190.85	190.85	184.8	185.15	185.15	-2.7	5380	4891600	1747	911168020
FUTSTKHAL25-JAN-2023	2557.9	2554.35	2557.85	2485.95	2493.7	2493.7	-2.5	10763	1097700	3659	2761423410
FUTSTKAMBUJACEM25-JAN-2023	534.4	535.7	539.7	520.55	521.9	521.9	-2.33	46016	16394400	9108	8704651410
FUTSTKTORNTPHARM25-JAN-2023	1556.05	1552.8	1564.3	1540.05	1552.55	1552.55	-0.22	3449	178500	357	276992125
FUTSTKAUBANK25-JAN-2023	647.55	648.45	651.8	634.1	637	637	-1.62	8155	3385000	3385	2170137450
FUTSTKITC25-JAN-2023	332.95	333.15	333.6	326.6	328.1	328.1	-1.45	42670	9267200	5792	3045320880
FUTSTKVEDL25-JAN-2023	321.5	320.35	320.35	306.95	309.15	309.15	-3.84	17297	23526000	11763	7319746600
FUTSTKLT25-JAN-2023	2101.7	2060.2	2112	2060.2	2079.6	2079.6	-1.05	27254	1845600	6152	3845784630
